0310903/2	Suleiman, Alan	alan.suleiman@kcl.ac.uk
0808788/1	Czapski, Fabian Sebastian	fabian.czapski@kcl.ac.uk
0818128/1	Gibson, Finley John	finley.gibson@kcl.ac.uk
1108987/3	Orlean-Taub, Paul	paul.orlean-taub@kcl.ac.uk
1111370/3	Allen, Rochelle Joyce	rochelle.allen@kcl.ac.uk
1117649/1	Aziz, Waqar Ali	waqar.aziz@kcl.ac.uk
1134781/1	Malek, Ebrahim Sabri	ebrahim.malek@kcl.ac.uk
1247216/2	McCarty, Kimberly Anne	kimberly.mccarty@kcl.ac.uk
1271398/1	Azer, Mark	mark.azer@kcl.ac.uk
1274372/2	Riyamongkol, Pongsakorn	pongsakorn.riyamongkol@kcl.ac.uk
1347369/1	Mukasa, Eddy	eddy.mukasa@kcl.ac.uk
1347663/1	Vicente Villalta, Rolando Alexander	rolando.vicente_villalta@kcl.ac.uk
1353926/1	Nikolaidis, Maximilian	maximilian.nikolaidis@kcl.ac.uk
1360681/1	Rohr, Leonhard	leonhard.rohr@kcl.ac.uk
1412858/2	Ding, Jie	jie.ding@kcl.ac.uk
1424469/1	Gangwani, Dhiraj	dhiraj.gangwani@kcl.ac.uk
1430295/1	Qiu, Yun	yun.qiu@kcl.ac.uk
1435460/1	Menezes, Amar Andre	amar.menezes@kcl.ac.uk
1438704/1	Wang, Shengsheng	shengsheng.wang@kcl.ac.uk
1446488/1	Sellen, Anthony Charles	anthony.sellen@kcl.ac.uk
1448294/1	Caliacmani, Nathalie Maria	nathalie.caliacmani@kcl.ac.uk
1450677/1	Visessmit, Yukolthep	yukolthep.visessmit@kcl.ac.uk
1453457/1	Qu, Tong	tong.qu@kcl.ac.uk
1456183/1	Moinuddin, Zaki	moinuddin.-@kcl.ac.uk
1456656/1	Strigini, Yoann Herve	yoann.strigini@kcl.ac.uk
1456715/1	Seyidov, Orkhan	orkhan.seyidov@kcl.ac.uk
1456738/1	Liu, Yiran	yiran.liu@kcl.ac.uk
1457229/1	Hannesson, Snorri	snorri.hannesson@kcl.ac.uk
1457851/1	Awasthi, Saumya	saumya.awasthi@kcl.ac.uk
1459098/1	Mohan, Naveena	naveena.mohan@kcl.ac.uk
1459362/1	Senf, Andrea Kay	andrea.senf@kcl.ac.uk
1459368/1	Yamoot, Seyed Mohammad	seyed_mohammad.yamoot@kcl.ac.uk
1460613/1	Serna Silva, Lorena	lorena.serna@kcl.ac.uk
1461025/1	Raditsas, Filippos Marios	filippos.raditsas@kcl.ac.uk
1461711/1	Kiss, Balazs	balazs.kiss@kcl.ac.uk
1462374/1	Tsiopoulos, Anthony	anthony.tsiopoulos@kcl.ac.uk
1463980/1	Duan, Zhaoxu	zhaoxu.duan@kcl.ac.uk
1464558/1	Wang, Jerry Lu	jerry.wang@kcl.ac.uk
1464584/1	Yashwanth, Siddhartha Moodbidri	siddhartha.yashwanth@kcl.ac.uk
1466316/1	Arsakhanov, Nur-Magomed	nur-magomed.arsakhanov@kcl.ac.uk
1466333/1	Schoisengeier, Adrian	adrian.schoisengeier@kcl.ac.uk
1466371/1	Saalim, Adeela Wazir	adeela.saalim@kcl.ac.uk
1466384/1	Sohn, Inyeol	inyeol.sohn@kcl.ac.uk
1467280/1	Paschalidis, Iordanis	iordanis.paschalidis@kcl.ac.uk
1471172/1	Barella, Paul	paul.barella@kcl.ac.uk
1471266/1	Kerr, James William	james.kerr@kcl.ac.uk
1471662/1	Mariani, Filippo	filippo.mariani@kcl.ac.uk
1472443/1	Kabanda, Tanda	tanda.kabanda@kcl.ac.uk
1472497/1	Dmukhovskiy, Anton	anton.dmukhovskiy@kcl.ac.uk
1473018/1	Orru, Andrea	andrea.orru@kcl.ac.uk
1473339/1	Demetriou, Andria	andria.demetriou@kcl.ac.uk
1473383/1	Norman-William, Belema Emily	belema.norman-william@kcl.ac.uk
1474143/1	Vasilishin, Maxim	maxim.vasilishin@kcl.ac.uk
